0,1,2
32510383,-86813834,1
30468691,-87703035,1
31826055,-85166028,1
32891444,-86983385,1
33845846,-86586724,1
32142191,-85742406,0
31546733,-86713793,1
33866182,-85870970,1
32900173,-85296659,1
33977829,-85552143,1
32723537,-86875759,1
32210259,-88065479,1
31745135,-87769476,1
33180820,-85941752,1
33565683,-85382010,1
31238943,-86124023,1
34666040,-87749232,1
31371175,-87298377,1
32775220,-86121600,1
31022268,-86629331,1
31706155,-86371489,1
34258747,-86925471,1
31574779,-85536957,1
32323895,-86864580,0
32562179,-86099371,1
31216132,-87461537,1
34056618,-86275434,1
33889566,-87696401,1
34467520,-87647762,1
31071810,-86113647,1
32610762,-87844122,0
32755975,-87705829,0
31501042,-85113506,1
31252306,-85264387,1
34839084,-85619582,1
33544622,-86929208,0
33732286,-88086009,1
34925311,-87991142,1
34633251,-87418659,1
32681539,-85565954,1
34774907,-87030479,1
32294321,-86647119,0
32536635,-85697354,0
34733898,-86645592,1
32302397,-87678612,0
34062000,-87814078,1
34209898,-86343937,1
30666959,-88226989,1
31808458,-87316372,1
32233377,-86208528,0
34541985,-86687136,1
32446243,-87503256,0
33314928,-88042923,1
31816474,-85964713,1
33351626,-85372497,1
32257831,-85129772,0
33381339,-86704571,1
32444907,-88193305,0
33486183,-85920854,1
32900767,-85822787,1
33226133,-87225842,1
33793322,-87440648,1
31406683,-88175846,1
32019980,-87054284,0
34093409,-87600815,1
35237487,-109522950,0
31880077,-109754263,1
35630842,-112052427,0
33741518,-110860653,1
32850436,-109746133,1
33102464,-109271169,1
33276539,-112187170,1
34849946,-114591728,1
35285746,-110288704,1
32071764,-110859106,0
32620892,-110599242,1
34706724,-112397730,1
32751632,-114074901,1
34079836,-91227608,1
33151992,-91559968,1
36236380,-92372635,1
36384794,-94449942,1
36148259,-92989569,1
33573602,-92097852,1
33535994,-92543915,1
36466366,-93370349,1
33331905,-91297702,0
34055486,-93189406,1
36429663,-90692099,1
35570591,-91929979,1
33900651,-92131777,1
33112208,-93322254,1
35244463,-92614982,1
35842196,-90673464,1
35494412,-94318648,1
35343902,-90297822,0
35274844,-90798946,1
33914288,-92853193,1
33818318,-91214054,0
33747125,-91490123,1
35187728,-92449953,1
35405649,-93909428,1
36392508,-91939420,1
34574419,-92857840,1
34306936,-92398709,1
36041332,-90671802,1
33776095,-93713625,1
34395880,-92851558,1
34294469,-94095969,1
35762212,-91531986,1
36064329,-91944673,1
35715280,-91173296,1
34429059,-92059863,0
35634994,-93445104,1
33343809,-93505730,1
35953043,-91283897,1
34791849,-90935139,0
33978738,-91699077,1
33857142,-94374800,1
35291693,-93889921,1
34988267,-91905266,1
36033601,-93704255,1
36254905,-92688068,1
33431043,-93876485,1
35843919,-90180600,1
34670187,-91224126,1
34673248,-93530270,1
33700820,-93294126,1
36098936,-92961082,1
33460530,-93011863,1
35025904,-92786535,1
34530216,-90681442,0
34146678,-93653733,1
35611992,-90873808,1
34307662,-94361570,1
35232993,-93026834,1
34577224,-91463319,1
34751918,-92392487,0
36445330,-91054035,1
34469233,-92658212,1
34908133,-94089381,1
35916744,-92681408,1
35096272,-94349565,1
33967541,-94194636,1
36066371,-91642030,1
35918960,-92127207,1
33198024,-92528910,1
35577270,-92545572,1
35862402,-94106004,1
35203213,-91606367,1
35179148,-91259428,1
35030397,-93303203,1
37866825,-122253582,0
38771319,-119832669,0
38437001,-120845706,1
39995078,-121479360,1
38390344,-120490831,1
39142737,-122243739,1
37777208,-121955399,0
41925977,-124159812,1
38898142,-119998419,1
36746375,-119639658,0
39519386,-122292996,1
40479490,-123847878,0
32981774,-114685417,0
36229962,-117955189,1
35294405,-118905173,1
36189441,-119851865,1
39185033,-122965163,0
40303792,-121022584,1
33786594,-118298662,0
37274585,-119540624,1
38117269,-122568442,0
37637910,-119694652,1
39947575,-123686938,0
37411145,-120552710,0
41232908,-120507888,1
38617086,-119506094,0
36797555,-121760660,0
38416110,-122361587,0
39265990,-120641450,0
33640302,-117769442,0
39222600,-120068988,1
40023490,-120798610,1
33752886,-116055617,0
38377411,-121444429,0
36761702,-121274795,0
34839964,-115967051,0
32751575,-117191848,0
37784827,-122727802,0
38189865,-121450953,0
35347065,-120455345,0
37534736,-122325880,0
34674436,-120111465,0
37189396,-121705327,0
37052970,-121949418,0
40704337,-122387808,1
39582462,-120371073,1
41935190,-121588650,1
38348960,-121908324,0
38717318,-123463976,0
37603960,-120937052,0
39130338,-121737911,1
39927203,-122025047,1
40704907,-122956559,1
36444195,-119471745,1
38085837,-120176042,1
34032383,-119134300,0
38835384,-122057921,0
39577329,-121101562,1
39879235,-104883581,0
37631025,-105773133,0
39738752,-104408349,0
37270438,-107093153,1
37368042,-102265146,1
38085032,-102886910,1
40177043,-105275045,0
38471892,-106097284,1
38804111,-103079761,1
39699631,-105750740,0
37255221,-105848097,1
37202995,-105418718,0
38315371,-103599555,1
38121657,-105147660,1
38877198,-107609167,1
39738752,-104408349,0
37690498,-108032410,1
39347863,-104994708,1
39624171,-106497314,0
39208696,-104070186,1
38824690,-104562027,1
38358421,-105106881,1
39502817,-107665664,1
39883804,-105548200,0
39949118,-105816439,1
38988409,-107231438,0
38026256,-107276581,1
37646467,-104779815,1
40678825,-106249045,1
39356599,-105313600,0
38441431,-102604797,1
39311151,-102742290,1
39151466,-106422616,0
37092605,-108125194,0
40628112,-105569245,0
37190046,-104795074,1
39316540,-103588908,1
40715081,-103211191,1
39165152,-108076508,1
37761293,-106981852,1
40997896,-107338770,1
37508114,-108744007,1
38192224,-108415514,1
40415193,-103610575,1
38054962,-103619493,1
38177464,-107727360,0
38980056,-105514472,1
40610554,-102472203,1
39283116,-106898514,0
38189902,-102705397,1
37936061,-104874843,1
39936331,-108650793,1
37638307,-106597775,1
40438195,-107277181,0
38403295,-106416083,0
37848391,-107680381,0
37983589,-107956606,0
40875703,-102440230,1
39764692,-106221139,0
39036350,-105155970,1
39684772,-102990380,1
40735758,-103997391,1
39664421,-102546469,1
41308873,-73363661,0
41604786,-72871945,0
41733106,-73135499,1
41491016,-73052965,0
41464758,-72127301,0
41896623,-72262236,0
41744527,-71913339,1
39072390,-75571073,1
39734792,-75624617,0
38550784,-75330307,1
29796800,-82156228,0
30291034,-82334017,1
30383156,-85515060,1
29905008,-82298477,1
27867945,-80541647,1
26145724,-80448254,0
30403984,-85161075,1
27001845,-82018382,1
28859286,-82508694,1
29813555,-81946556,1
26143260,-81389124,1
30211903,-82626332,1
29329518,-83139957,1
30614280,-87275772,1
29486141,-81204491,1
29745526,-85023947,1
30549676,-84606864,0
29674633,-82811678,1
26946449,-81309114,1
30025584,-85215173,1
30386063,-82773890,1
27457687,-81721609,1
26763312,-81438833,1
28643640,-82263836,1
27120281,-81390945,1
27871964,-82438841,0
30872298,-85929742,1
27709049,-80572557,1
30777609,-84955871,1
30342161,-83840177,1
30148296,-83210982,1
28712017,-81808159,1
26552895,-81948610,1
30449428,-84290950,0
29030531,-82719003,1
30288896,-84848444,1
30584683,-83328781,1
27427213,-82438689,1
28997960,-82016139,1
27108081,-80230818,1
25558428,-80458168,0
24925108,-80713465,1
30659689,-81683649,1
30661155,-86594479,1
27216626,-80827757,1
28468581,-81512343,0
28146663,-80993806,0
26645895,-80430269,0
28196394,-82762191,1
28010895,-82773995,1
28094636,-81498979,1
29697588,-81973970,1
30577638,-86966835,1
27085985,-82438918,1
28744752,-81223280,1
28844473,-82078342,1
30194651,-82857328,1
29693191,-83376380,1
29931522,-82425518,1
29022729,-81172169,1
30141958,-84552965,1
30639134,-85587862,1
31731163,-82194912,1
31361682,-82968235,1
31576952,-82461197,1
31371680,-84338325,1
33087138,-83224920,0
34329372,-83543357,1
33987138,-83698498,1
34264331,-84753929,1
31748753,-83235412,1
31417797,-83355349,1
32806707,-83691315,0
32383904,-83321095,1
31187918,-81889563,1
30856633,-83526479,1
31951531,-81407336,1
32450032,-81715799,1
33080724,-81986767,0
33322351,-84028744,1
31537960,-84611559,0
30939072,-81703469,1
32414349,-82086658,1
33509001,-84910211,1
34931497,-85175034,1
30434346,-82165527,1
31971394,-81071560,0
32292547,-84736706,1
34532713,-85368362,1
34147985,-84477250,1
33930735,-83292152,0
31636180,-85054942,0
33500697,-84351273,0
31050929,-82761330,1
33783756,-84595232,0
31614312,-82724308,1
31172696,-83792379,1
33527678,-82235542,1
31212878,-83412143,1
33326030,-84637108,1
32687207,-84010581,1
31849613,-83727700,1
34922998,-85448302,1
34453661,-84155043,1
30791856,-84549907,1
33891251,-84074560,0
32176429,-83122891,1
32115981,-83791644,1
31543065,-84219594,0
33659494,-84778163,0
31089377,-84986113,1
30768894,-83037116,1
32369703,-81361775,1
34129737,-82840971,1
32568870,-82540305,1
32152808,-81925865,1
34862630,-84248612,1
33460036,-84585773,1
34145452,-85117749,1
34203659,-84103108,1
34297968,-83192787,1
33844371,-84474050,0
34701290,-84449007,1
33231593,-82631164,1
31198914,-81332211,1
34571753,-85025616,1
30901959,-84311493,1
33458056,-83080230,1
34079715,-83930765,0
34629391,-83509934,1
34239428,-83897612,1
33257068,-83089220,0
33680148,-85251297,1
32738687,-84785460,1
34361177,-82941703,1
33157214,-85170588,1
33549947,-84207969,0
32646236,-83651300,1
31571849,-83087813,1
34130594,-83587419,1
33435022,-83626885,1
31806871,-82626991,1
33192426,-82361546,0
32873466,-81875482,1
32635692,-82657495,1
33056543,-83424672,1
33136500,-84148695,1
30955111,-83013828,1
32379902,-82966995,1
31772073,-84222541,1
31770473,-81620830,0
33812714,-82453456,1
31780996,-81773916,1
30975119,-83207206,1
34527671,-83980879,1
33494908,-82513847,1
31512024,-81358252,1
32327479,-84101472,0
34120239,-83288117,1
32254152,-84489818,1
32906319,-84716723,1
31162510,-84713359,1
31274330,-84047656,1
32989503,-83876108,1
32028823,-82516246,1
33611010,-83602459,1
34981449,-84735233,1
32491005,-84874123,0
33571234,-83895063,0
33816730,-83433470,1
33740502,-83170600,1
33904480,-84862139,1
32560698,-83854528,1
34402724,-84378511,1
31369686,-82115363,1
33077371,-84321736,1
33993766,-85091511,1
32275664,-83490090,1
33320818,-83355865,1
31881410,-85024468,1
34804473,-83419137,1
31760361,-84614914,0
33386041,-82090996,0
33611119,-84068288,0
32209028,-84277064,1
32743851,-81628687,1
30985082,-84834731,1
33345253,-84289814,1
34591790,-83352534,1
32074331,-84718627,0
32027663,-84372490,0
32790007,-84565420,0
33559964,-82794766,0
32050694,-81998348,1
32559781,-84227675,1
31931373,-82682963,1
31689973,-84327480,0
30880968,-83885902,1
31475155,-83592123,1
32177513,-82373889,1
34934417,-83828504,1
32383145,-82557135,1
32907328,-85077535,1
31652867,-83578336,1
32661271,-83331033,1
34712091,-84027629,1
32901627,-84212644,1
34934730,-85384631,1
33838638,-83710359,1
31018954,-82416543,1
33296633,-82755599,0
33079750,-82805591,0
31578181,-81880222,1
32076133,-84543517,1
32118831,-82724555,1
34665780,-83709564,1
34929800,-84988536,1
31989039,-83394574,1
33731490,-82710833,1
32806595,-83066814,1
31762219,-83876179,1
43459855,-116243984,1
45086839,-116303451,1
42319496,-111978055,1
42039684,-111441977,1
47147494,-116918177,1
43080334,-112672955,1
43594633,-114322568,0
44004244,-115966981,1
48368750,-116545493,1
43593567,-111957274,1
48750618,-116540670,1
43729598,-113454400,1
43327700,-114801713,1
43602302,-116552636,1
42892211,-111267458,1
42193954,-113872032,1
44271785,-112306237,1
46779553,-116214523,1
44371442,-114856089,1
43009282,-115588317,1
42060353,-112013197,1
43890665,-111650418,1
43989971,-116328567,1
42747536,-114730593,1
45889314,-115557407,1
43858860,-112439084,1
42736869,-114374568,1
47678798,-116682718,1
46871724,-116967516,0
44968059,-113816735,1
46242430,-116544158,1
43059165,-114414825,1
43776095,-111691047,1
42688753,-113648077,1
46400349,-116804544,1
42236441,-112556004,1
42838437,-116032163,1
44063604,-116750704,1
42490846,-112836032,1
47501205,-115644501,1
43638480,-111132302,1
42476903,-114120513,1
44683670,-115453583,1
44304193,-116859937,1
40073445,-91206586,1
37152775,-89325581,1
38890378,-89314242,1
42392537,-88811894,1
39944465,-90737957,1
41442109,-89446460,1
39134270,-90693760,1
41986802,-89917167,1
39958003,-90176415,1
40038210,-88174757,0
39588002,-89449507,1
39236906,-87674977,1
38710776,-88664186,1
38620028,-89569004,1
39393753,-88348819,1
41811929,-87687320,0
39158846,-87723392,1
39282208,-88272657,1
40134768,-88745542,1
39766275,-88091437,1
39679882,-87750216,1
38413149,-88043941,1
38990551,-88558435,1
38977111,-88975507,1
40573610,-88384737,1
37899054,-89052317,1
40491232,-90050499,1
37710189,-88183169,1
39376153,-90293302,1
41247346,-88505582,1
38081592,-88538609,1
40241584,-91240017,1
37417713,-88354451,1
40719278,-90894204,1
41208513,-90230506,1
40715072,-87730743,1
37907239,-89410304,0
39121515,-88157258,1
38314373,-89050259,1
39092772,-90374651,1
37424170,-88898049,1
41935616,-88432380,0
41108802,-88146523,1
41601679,-88437533,1
40785753,-90042993,1
42455770,-87884975,0
38717105,-87863812,1
41722648,-89193026,1
40652662,-88394630,1
40169120,-89542183,1
40388444,-90764268,1
42222569,-88525091,1
40488468,-88939637,1
39917841,-89017515,1
39480838,-89903356,1
38721612,-89895817,1
38547927,-88929247,1
40935265,-89338330,1
40301103,-89687211,1
37228995,-88714524,1
39938136,-89943256,1
41208497,-90575522,1
38327408,-90155869,1
39368777,-89654507,1
39618903,-90225738,1
39588093,-88633539,1
41903068,-89540365,1
40744179,-89718401,0
37984776,-89589862,1
39798287,-88727157,1
39620372,-90967919,1
37333591,-88561428,1
37164229,-89170924,1
41205454,-89430236,1
38036046,-89839180,1
38715532,-88225831,1
41520333,-90541585,0
37643233,-88622821,1
39749457,-89606017,1
40113259,-90543205,1
39626630,-90466389,1
39389960,-88959746,1
40995640,-89747439,1
42460658,-89814639,1
40447572,-89334398,1
37509618,-89424913,1
40103625,-87744819,1
38441814,-87828423,1
40749815,-90750256,1
38394883,-89224511,1
38350936,-88566951,1
38150150,-88216053,1
41637929,-89756769,1
41681479,-88201424,0
37804734,-88808056,1
42325364,-89170527,0
40742182,-89134822,1
40832040,-85005402,1
41093763,-85070713,1
39295266,-85949844,1
40505497,-87206960,1
40515895,-85295619,1
39988674,-86563204,1
39180583,-86226228,1
40670628,-86722352,1
40866023,-86225982,1
38286819,-85732062,1
39491743,-87186673,1
40304473,-86469044,1
38345487,-86546080,1
38697289,-87091762,1
39251510,-84914370,1
39241181,-85564278,1
40198550,-85509272,1
38352759,-86912488,1
41585740,-85882695,1
39656933,-85168099,1
38298486,-85896961,1
39986538,-87147674,1
39386175,-85238529,1
41040988,-86254272,1
38281095,-87377340,1
40617379,-85514796,1
39124289,-86970755,1
39937310,-86199445,1
39895139,-85643767,1
38303364,-86168979,1
39632997,-86607678,1
40005999,-85443410,1
40442117,-86215482,1
40712066,-85468798,1
38814419,-86092983,1
40994793,-87103680,1
40378574,-84882263,1
38804552,-85420605,1
38982509,-85616595,1
39506070,-86084340,1
38656969,-87329395,1
41130963,-85856589,1
41583475,-85337737,1
41461543,-87372779,0
41549933,-86742979,1
38839482,-86479430,1
40314012,-85666794,1
39779492,-86132837,0
41325513,-86260569,1
38669976,-86788412,1
40780955,-86016441,1
39173234,-86501543,0
40118361,-86964894,1
39427654,-86533865,1
40977567,-87396982,1
41336115,-85500246,1
38958134,-84984085,1
38620834,-86589851,1
39313258,-86756423,1
39622405,-87320767,1
37999711,-86731971,1
38372926,-87211093,1
41511578,-87179177,1
38069277,-87783602,1
41072624,-86849745,1
39822491,-86973306,1
40159854,-84984682,1
39039682,-85244161,1
39612836,-85439133,1
38695648,-85772815,1
39393802,-85772010,1
37929173,-87033681,1
41175557,-86554326,1
41577443,-85031873,1
39084199,-87419003,1
38809388,-85061136,1
40388656,-86894908,1
40348927,-85937642,1
39625149,-84925002,1
37962292,-87505512,1
40023673,-87475513,1
39498419,-87468825,1
40801867,-85791823,1
40314172,-87403882,1
38118439,-87244937,1
38608621,-86079404,1
39930541,-85028032,1
40859358,-85270039,1
40726466,-86989485,1
41071204,-85510981,1
41215096,-94423224,1
41057677,-94594228,1
43290026,-91445754,1
40812488,-92701454,1
41657834,-95044476,1
41920030,-91978744,1
42469768,-92309475,0
42059677,-94040876,1
42774781,-92403969,1
42469721,-91773824,1
42865889,-95274623,1
42674311,-92633495,1
42281733,-94542337,1
41912702,-94898698,1
41447152,-95104078,1
41772503,-91132480,1
43111474,-93467873,1
42691698,-95628595,1
43110826,-92169251,1
41029822,-93614875,1
42967221,-95013216,1
43034025,-91393408,1
41873852,-90682244,1
41950237,-95470108,1
41776121,-93955694,1
40649038,-92265179,1
40885821,-93761591,1
42367794,-91445994,1
40983507,-91302644,1
43352710,-95119487,1
42484861,-90804116,1
43318868,-94796359,1
42943828,-91833409,1
43060131,-92877776,1
42669601,-93114687,1
40793340,-95758636,1
42029130,-94541989,1
42445049,-92926227,1
41775934,-94357971,1
42434161,-93825581,1
43197698,-93881521,1
42412327,-93084751,1
41745172,-95716704,1
41082887,-91543142,1
43216975,-92092682,1
42776090,-94059946,1
42326783,-95477979,1
41649999,-92065181,1
42138940,-90864621,1
41576832,-92924355,1
40988685,-91785249,1
41510935,-91440616,0
42065281,-91078891,1
41310884,-92159246,1
43082501,-94389877,1
40712900,-91238190,1
42079415,-91599215,0
41304284,-91249503,1
41029481,-93327475,1
43415126,-96146555,1
41351621,-94042219,1
41286383,-92618357,1
41263991,-92938838,1
42025510,-93144785,1
41110642,-95604984,1
43356439,-92788967,1
41994014,-95778514,1
41032270,-93035367,1
41030256,-95156205,1
41559742,-90959154,1
43378852,-95626901,1
40737446,-95156217,1
43130459,-94855389,1
42701230,-96509390,1
42659794,-94897858,1
41672687,-93572173,0
41810889,-92342571,1
40853588,-94194013,1
42268076,-95121242,1
41613034,-90606284,0
41332943,-95587197,1
43084013,-96269648,1
42149851,-93298980,0
41980201,-92375713,1
40722464,-94842837,1
40933655,-94242881,1
40868097,-91889766,1
41143796,-92500600,1
41308413,-93736916,1
41209510,-91551283,1
40710521,-93130436,1
42581749,-94030651,1
43406406,-93748603,1
43203195,-91944055,1
42423688,-96378007,1
43428355,-93261042,1
42600976,-93794414,1
39284707,-76620489,0
37107146,-85459565,1
36783817,-86188104,1
38006484,-84979923,1
37056862,-88961579,1
36965149,-86013864,1
38228942,-83884380,1
36769184,-83708181,1
38881420,-84665597,1
38219407,-84205944,1
38309110,-82717666,1
37637433,-84976020,1
38688556,-84070074,1
37421929,-83377999,1
37645844,-86405203,1
37959505,-85704609,1
37197491,-86672160,1
37140606,-87865635,1
36562065,-88150463,1
38963761,-84368926,1
36863147,-88995991,1
38637181,-85047765,1
38204459,-82907615,1
37291935,-84826280,1
36864233,-87409139,1
37968496,-84157766,1
37147687,-83737014,1
36751732,-85135354,1
37434913,-88246148,1
36819839,-85462435,1
37682485,-86883013,1
37236073,-86270740,1
38131568,-83079708,1
37709721,-84082894,1
38348100,-83718626,1
37331441,-82715606,1
38234133,-84874809,1
36548671,-89208001,1
38762505,-84877785,1
37593625,-84426456,1
38654385,-84603041,1
36607840,-88725226,1
37444623,-86400828,1
37354827,-85614043,1
38546615,-82727678,1
37740277,-86741434,1
37534951,-86033456,1
36842977,-83183446,1
38356954,-84323033,1
37292040,-85914004,1
37840368,-87547026,1
38552133,-85101879,1
36732689,-89101900,1
37200310,-87400477,1
37474770,-84042748,1
38176762,-85521751,0
37860199,-84671365,1
37899527,-82781153,1
38866297,-84517548,1
37348498,-82792578,1
36871254,-83829985,1
37463961,-85639231,1
37167752,-84116614,1
38074113,-82744663,1
37672317,-83687173,1
37056529,-83236134,1
37138850,-82855032,1
38521926,-83335329,1
37377689,-84620613,1
37145668,-88285031,1
36869206,-86663225,1
37073525,-88144971,1
37082918,-88810261,1
36721677,-84467609,1
37488059,-87258644,1
37716443,-84299699,1
37589246,-82945214,1
37585972,-85086510,1
36817672,-88304440,1
37815648,-82492731,1
38612250,-83808021,1
38005963,-86398391,1
37978036,-83467497,1
37866351,-84884036,1
37117670,-85703791,1
36723634,-85700865,1
38052103,-83924711,1
37914002,-83233761,1
37353575,-87165762,1
37740827,-85594790,1
38303859,-83886328,1
37545044,-86778272,1
38491635,-85424726,1
38521800,-85013882,1
37398617,-83704908,1
38637848,-84318142,1
37283017,-83321215,1
37319685,-82611355,1
37822307,-83785309,1
37128053,-84596990,1
38531698,-84035565,1
37345751,-84316140,1
38210471,-83420390,1
37019307,-85069717,1
38306329,-84676123,1
38122662,-85103096,1
36758166,-86581957,1
38032735,-85366055,1
37360392,-85198031,1
36741950,-87245890,1
36953435,-87718377,1
38687402,-85378762,1
37631341,-87866487,1
36924137,-86597869,1
37843697,-85128804,1
36867400,-84825400,1
37487972,-87866125,1
36747032,-84139406,1
37715699,-83636349,1
38021292,-84745488,1
30256405,-92261328,1
30769826,-92771752,1
30186506,-90880484,1
29997400,-91023196,1
30946808,-91894355,1
30803752,-93010616,1
32366002,-93101086,1
32627620,-93608968,1
32607556,-93752560,0
30240705,-93275454,1
31964848,-92182480,1
29897443,-93368241,1
31920835,-91922802,1
32945404,-92811145,1
31590328,-91752932,1
32173318,-93867325,1
30515890,-91080373,0
32771315,-91230175,0
30914247,-91098267,1
30899787,-92296364,1
31961337,-91660042,1
31592547,-92584830,1
29909643,-91812552,1
30159290,-91146472,0
32337632,-92672165,1
29227559,-90018901,1
30261021,-92877409,1
30208120,-92095109,1
29683764,-90627822,1
32597482,-92708389,1
30550219,-90958219,1
32341594,-91216458,0
32606213,-91759778,1
31747563,-93079055,1
30032997,-89882564,0
32490777,-92159354,1
29279536,-89373855,1
30689213,-91476768,1
31163485,-92532189,1
32062391,-93367949,1
32491910,-91856326,1
31641760,-93637939,1
30572825,-90439399,1
31805761,-91387110,0
29396246,-90786270,1
32916505,-92574611,1
29866543,-92158982,1
31110298,-93289988,1
30901690,-89820725,1
32771459,-93406102,1
30494882,-91309262,1
32736836,-91510077,1
30936227,-91456167,1
31914948,-92669269,1
43967474,-70299687,0
44662822,-70153049,0
44387188,-68074964,0
44772503,-69247539,0
45152637,-67377410,0
44318900,-70477506,1
44021333,-69523263,1
44192369,-69121139,0
44601175,-69357191,0
43601018,-70902676,0
39641946,-78408891,1
38974203,-76594942,0
39414306,-76576089,0
38604072,-76604364,1
38889270,-75861191,1
39402352,-77081821,1
39366183,-75884544,1
38597440,-76990278,0
38430928,-75897058,1
39542724,-77292314,1
39538568,-79190791,1
39658104,-76527937,1
39296204,-76981150,0
39308842,-76081650,1
39143979,-77207617,0
38092718,-75888207,1
38915060,-76073905,1
39589123,-77826258,1
38452527,-75574165,1
38412085,-75281074,1
41716271,-70135884,0
42647191,-71184202,0
42061063,-72163991,0
41277794,-70046019,0
42553431,-72392694,0
42013553,-71334399,0
41751812,-70846041,0
42296842,-71533229,0
44792293,-83489404,1
46291471,-86671351,1
42645611,-86165451,1
45028249,-83536610,1
45156457,-85303853,1
44104905,-83865674,1
46731668,-88335388,1
42670351,-85427281,1
43529339,-83762898,1
44586780,-85931969,1
41825532,-86684816,1
41792652,-84900917,1
42144355,-84848182,1
41800617,-85866011,1
45245371,-84938228,1
45326831,-84549533,1
46215929,-85006769,1
43958329,-84919332,1
42932843,-84808267,1
44682996,-84610441,1
45788216,-87078454,1
45830389,-87807258,1
42639932,-85004661,1
45355915,-84913255,1
43002000,-83692507,0
43868833,-84228499,1
46221840,-89240577,1
43268950,-84660821,1
41743114,-84447488,1
46910918,-88853210,1
43736160,-83381857,1
42496734,-84243060,0
42944929,-85074665,1
44262826,-83688778,1
46079655,-88629006,1
43552836,-84966988,1
42378230,-84630106,1
42179540,-85473371,0
44634438,-85252891,1
43031413,-85550267,1
47352566,-88288905,1
44042060,-85712873,1
43285214,-83261468,1
44988569,-85644068,1
41768254,-84107609,1
42603479,-83911173,1
46460159,-85515605,1
46074658,-85733841,1
42491736,-83040222,1
44330169,-86027194,1
46396896,-87300505,0
43949422,-86104210,1
43590861,-85403676,1
45679339,-87389877,1
43647297,-84387331,1
44343261,-84944639,1
41865026,-83670689,1
43330898,-85414422,1
44913060,-84218570,1
43295493,-86468853,0
43554311,-85800884,1
42835019,-83422980,0
43721873,-86141107,1
44472352,-83959844,1
46782698,-89597404,1
44112055,-85405091,1
44662952,-84089518,1
44870234,-84659847,1
42869816,-85969722,1
45384168,-83749850,1
44359863,-84543576,1
43334958,-83749418,1
43404010,-82951494,1
46042076,-86235756,1
42803973,-84295949,1
43327048,-83657355,1
42363778,-86138952,1
42309687,-83772991,0
42239933,-83150823,0
44399120,-85629669,1
46712878,-93489808,1
45169739,-93188924,1
46821648,-95391968,1
47974989,-95008708,1
45654829,-94073533,1
45376691,-96516214,1
43925892,-94233683,1
44253427,-94903534,1
46614151,-92735406,0
44805487,-93766524,1
47095793,-94021032,1
45019892,-95630814,1
45336417,-92967517,1
47066300,-96258706,1
47585873,-95375974,1
47648636,-90801861,0
44007813,-95196562,1
46616147,-94235561,1
44771547,-93226258,0
44148244,-92903452,1
45871169,-95237474,1
43673848,-93948241,1
43704566,-92237117,1
43559269,-93420578,1
44287597,-92693235,1
45934055,-96012359,1
45015914,-93471880,0
43571029,-91635822,1
46984699,-95099350,1
45651313,-93275622,1
47746177,-93962961,1
43738986,-95316815,1
45833199,-93402621,1
45258882,-95141945,1
48871994,-97092442,1
48278880,-93755536,1
45067384,-96440184,1
47134891,-91545363,0
48875164,-94885668,1
44324235,-93569726,1
44275371,-96141967,1
44580923,-95883387,1
44946121,-94075720,1
47184343,-95939849,1
48261376,-96772583,1
43667270,-94673433,1
45146898,-94674112,1
45989733,-93620235,1
46105236,-94531738,1
43694738,-92796930,1
43993479,-95763493,1
44337793,-94070153,1
43645207,-95735375,1
47271463,-96182441,1
43884346,-92503744,0
46412413,-95713452,1
48014969,-96213472,1
46310484,-92863863,1
44009283,-96099250,1
47681728,-96154311,1
45719299,-95225097,1
45005902,-93105869,0
47885347,-96270368,1
44329780,-95211785,1
44779761,-95370482,1
44500341,-93382574,1
43674883,-96252794,1
48900663,-95250324,1
44608912,-93757888,1
45467503,-93602475,1
44564912,-93962668,1
45528860,-94593338,1
43955103,-93274017,1
45595739,-95923233,1
45281997,-95512817,1
46250882,-94934361,1
46007415,-96359342,1
44242705,-92425643,1
46564002,-95082796,1
44065547,-93550495,1
44898516,-92923010,0
43867848,-94742716,1
46326166,-96528032,1
44025217,-91770781,1
45200875,-93888099,1
44667478,-95576938,1
40254906,-92705779,1
39953094,-94837827,1
40536073,-95321135,1
39212787,-92004617,1
36623330,-93940707,1
37471409,-94554307,1
38251879,-94331993,1
38315550,-93327381,1
37119918,-90088925,1
38903318,-92102153,0
39676333,-94857364,1
36712451,-90407013,1
39579927,-94050144,1
38959176,-91924180,1
38102482,-92914785,1
37278096,-89806091,1
39315544,-93377455,1
36922108,-91052088,1
38571340,-94360846,1
37681676,-93797692,1
39499974,-93193552,1
36854253,-93292806,1
40392193,-91925945,1
39320008,-94487679,1
39656015,-94385893,1
38530921,-92249342,1
38742077,-92962870,1
37858464,-91426693,1
37431754,-93849903,1
37659600,-93018874,1
39874071,-94153677,1
37640709,-91539270,1
36932331,-92499044,1
36492269,-90048069,1
38523478,-91023546,1
38360691,-91477511,1
40111077,-94223134,1
37181498,-93259586,1
40083658,-93598888,1
40461360,-93831980,1
38488076,-93588108,1
37944587,-93365137,1
39981457,-95092325,1
39095462,-92705966,1
36933184,-91898910,1
37713211,-91133384,1
39035038,-94356728,1
37185063,-94330289,1
38293157,-90429283,1
38743365,-93582884,1
40155779,-92233840,1
37577499,-92759488,1
38974573,-93503803,1
36985316,-93809406,1
40101236,-91694121,1
39058354,-90850945,1
39964179,-93152305,1
39871946,-93397106,1
36632573,-94342802,1
39638988,-92465810,1
37413591,-90236118,1
38169920,-91968002,1
39913861,-91541024,1
40406448,-93584314,1
38108574,-92310170,1
36936030,-89216333,1
38656781,-92661396,1
39481463,-91848796,1
38794225,-91573653,1
38654746,-92892923,1
36603844,-89650005,1
36982951,-94187929,1
40286914,-95078313,1
36526267,-91548742,1
38406348,-92049397,1
36651607,-92442341,1
36347807,-89818059,1
37628496,-89688532,1
38659963,-93108757,1
37971347,-91636399,1
39466564,-91332846,1
39464918,-94657050,1
37743835,-93320582,1
40465883,-93019815,1
39650045,-91270502,1
39341357,-92410961,1
39341906,-93984387,1
37327153,-91024337,1
36661010,-90850785,1
39070204,-93430344,1
40409719,-92569221,1
40306854,-92085363,1
37004204,-89526567,1
36998455,-91331701,1
39778816,-92075059,1
36978223,-90081609,1
36690661,-93344687,1
40234080,-93288613,1
36772257,-93222445,1
37193593,-92078527,1
37898554,-94229787,1
38797733,-91048471,1
37970441,-90870001,1
37119566,-90444953,1
37175980,-92820353,1
40478118,-94423294,1
37160913,-92415178,1
39167833,-119776409,1
45720048,-113250784,1
45518708,-107481697,0
48360516,-108893920,1
46454470,-111650954,1
45319054,-108948445,1
45567085,-104539066,1
47580761,-111637014,1
48176410,-110311201,1
46323967,-105462341,1
48895600,-105161657,1
47254164,-105172545,1
46218279,-112811742,0
46283486,-104475079,1
47065531,-109430106,1
48274564,-114365126,1
45627982,-110901280,0
47325641,-106943963,1
48654170,-113126262,0
46378527,-109257354,1
46272241,-113435709,1
48566602,-110110287,1
45996345,-112088845,1
47151357,-110222384,1
47899392,-114206827,1
48509680,-110966631,1
48580494,-115816915,1
47874088,-105535752,1
45325565,-111868085,1
46633160,-111050627,1
47137198,-114747599,1
47300776,-113548481,0
46444224,-108395473,1
46016146,-110599503,1
47002053,-108122735,1
48224749,-108035444,1
48270833,-112311973,1
45391078,-105630461,1
47035882,-113097461,1
46789256,-105312757,1
46395224,-114160159,1
47655825,-104195206,1
48115522,-105189701,1
46267953,-106666959,1
47794472,-115538422,1
48868265,-104314372,1
45939758,-112736528,0
45743871,-109522372,1
45696301,-109855062,1
47726972,-111693800,1
48940067,-111849008,1
46176296,-107338750,1
48330241,-106609665,1
46485721,-109834856,1
46824454,-104122311,1
45978288,-108194508,1
40466384,-98544036,1
42176397,-98066911,1
41554073,-101714495,1
41546441,-103710045,1
41912303,-99977135,1
41570444,-97863484,1
42314537,-103097258,1
42872702,-98701552,1
42533987,-99702813,1
40812713,-98788349,1
41808435,-96255430,1
41091760,-97224683,1
40884503,-96146512,1
42708262,-97161919,1
40416806,-101370507,1
42542631,-101126167,1
41161943,-103066015,1
40639247,-98251120,1
41559744,-97079635,1
41960145,-96893932,1
41423996,-100194253,1
42459711,-96457068,1
42788579,-103299462,1
40892469,-100070257,1
41112122,-102421494,1
42512745,-96824742,1
41648478,-96787252,1
41291736,-96171104,0
40176417,-101687688,1
40418921,-97578418,1
40317430,-98904418,1
40524809,-100382030,1
40112009,-100106003,1
40122407,-96666863,1
41615307,-102331762,1
41782277,-99134041,1
40539998,-99830345,1
41919117,-101746919,1
41397214,-98431898,1
40872494,-98589324,1
40893539,-98102223,1
40176513,-99404864,1
40524819,-101061328,1
40176356,-101010823,1
42599715,-99141514,1
42042143,-101045192,1
41232405,-98503283,1
40152861,-97126435,1
40410949,-96280341,1
40378795,-99152181,1
41199097,-101423214,1
42836424,-99747046,1
41206972,-103769557,1
42533387,-98004988,1
40820645,-96692843,0
40762172,-100760429,1
41480166,-100512463,1
41914060,-99454335,1
41568548,-101059489,1
42042732,-97829855,1
41244701,-98182952,1
41667733,-103102335,1
41445863,-97732584,1
40477743,-95729589,1
40036673,-98069593,1
40684941,-96270409,1
40179541,-96097374,1
40850739,-101649075,1
40477867,-99508075,1
42353780,-97788065,1
41537151,-97484880,1
41114446,-97591433,1
40176507,-100476977,1
40149228,-95710477,1
42445152,-99455891,1
40484136,-96968290,1
41180985,-95990942,1
41375782,-96811409,1
41851012,-103707260,1
40938023,-97292178,1
42502412,-102399697,1
41117178,-98832654,1
42631216,-103782027,1
41982175,-97203396,1
40059775,-97380646,1
41979407,-100557354,1
42238161,-96472847,1
41603603,-98932718,1
41395315,-96209006,1
42155768,-97193232,1
40201919,-98500021,1
41779992,-98679988,1
40890132,-97597278,1
39537979,-118343592,1
35927901,-114972061,0
39055424,-119805916,1
40504545,-114412635,1
37722454,-117796454,1
40413793,-116581275,1
41076358,-117760165,1
40042115,-116974803,1
37759736,-114972405,1
39080415,-119228631,1
38970781,-118833128,1
38863664,-117928173,1
40251285,-118400276,1
39332488,-119613509,1
39453739,-119722803,0
39342631,-114885945,1
43426838,-72154710,0
43883871,-71257726,1
43948644,-72080708,0
42890804,-71933396,1
43319339,-71467006,1
43256871,-71171886,0
39414646,-74664150,0
39968787,-74624050,0
39839405,-74945624,0
39158165,-74786886,1
39271264,-75027671,0
40791850,-74245241,0
39565465,-75014084,1
40732350,-74075391,0
40615577,-74772376,1
40280531,-74712018,0
40430006,-74417344,0
40161392,-74043772,1
40867331,-74578269,1
39945798,-74297820,1
41011428,-74304793,0
39499765,-75082022,1
40566553,-74599801,0
41128310,-74678956,1
40697851,-74405595,0
40717349,-75072957,1
35044339,-106672872,0
33325458,-108871953,1
33026322,-104491621,1
34962954,-108056457,0
36606924,-104692463,1
34518407,-103128609,1
34387466,-104419381,1
32118710,-106648973,0
32482828,-104287257,1
32619444,-108370410,0
34852639,-104589897,0
35804116,-103902091,1
32055007,-108629130,1
33252178,-103317675,1
33330502,-105693322,1
35863858,-106295255,0
32239815,-107740420,1
35480924,-108176693,0
36008302,-105023886,0
32777584,-105466283,1
35123423,-103271136,1
36132101,-106002201,0
33921623,-103189798,1
35282859,-106712495,0
36774472,-108069250,1
35456288,-104679611,0
35521181,-105981847,0
32920290,-107569856,1
33963287,-106876440,0
36613044,-105590018,0
34650925,-105880597,1
36369783,-103505541,1
34857650,-106699567,1
42464687,-74213992,0
42050965,-77821349,1
40851549,-73840908,0
42173709,-75922159,1
42062125,-78377974,1
43046493,-76555316,1
42253734,-79484286,1
42147285,-76750888,1
42624833,-75652767,1
44827274,-73513225,0
42243991,-73641076,0
42449946,-75924813,1
42183045,-74925617,1
41759905,-73743714,0
42768413,-78887094,0
44082670,-73530601,1
44980232,-74647334,1
43190651,-74650311,1
43041606,-78057252,1
42320273,-74231589,1
43667618,-74456913,1
42909122,-75128670,1
44029787,-76222374,1
40645099,-73945032,0
43818705,-75480342,1
42555834,-77999451,1
42854631,-75660462,1
43286024,-77684264,0
42975134,-74657384,1
40754757,-73601772,0
40780751,-73977182,0
43117255,-79018415,1
43239274,-75477960,1
43067576,-76171351,0
42905459,-77548423,1
41376892,-74459687,1
43328706,-78238501,1
43427301,-75880041,1
42501093,-75140874,1
41485285,-73595066,1
40559365,-73906713,0
42676167,-73606194,1
40591006,-74150741,1
41160945,-74060826,0
43088397,-73591652,1
42833261,-74058015,0
42787077,-74584971,1
42474143,-77097713,1
42586029,-76801671,1
42069469,-77438058,1
40922326,-72637078,1
41591075,-74749722,1
42107825,-76502218,1
42480300,-76635158,0
41881485,-74430063,0
43631297,-73936399,1
43492815,-73421536,1
43224693,-76840547,1
40899599,-73780976,0
42818578,-78102549,1
42480150,-76946931,1
36021389,-79357399,1
35916914,-81209656,1
36495157,-81140955,1
34924469,-80050030,0
36359734,-81484857,1
36044098,-82003691,1
35519268,-76889200,1
36039911,-76936954,0
34497157,-78322339,1
34155253,-78055776,1
35620335,-82528558,0
35737757,-81616600,1
35416779,-80416474,1
35777241,-81430230,1
36455346,-76280026,1
34695016,-76862415,1
36379479,-79366733,1
35579418,-80968153,1
35623508,-79098782,0
35131159,-84038776,1
36249278,-76630775,1
35015083,-83905055,1
35352890,-81425111,1
34262252,-78625479,1
35313130,-77177912,1
35142518,-78745001,0
36400991,-76092420,1
35559564,-75465858,1
35781848,-80203546,1
35906241,-80546090,1
34897753,-77774970,1
36051155,-78857651,0
35928437,-77581631,0
36027482,-80207280,0
36018749,-78438181,1
35329185,-81057419,1
36434329,-76620014,1
35343758,-83773869,1
36442431,-78557098,1
35428349,-77701329,1
36080707,-80024400,0
36389174,-77750353,0
35322949,-79107381,1
35585619,-82959617,1
35292714,-82503611,1
36418251,-76954858,0
34953431,-79233178,0
35355633,-76187429,1
35831037,-81007620,1
35423045,-83263368,1
35590731,-78360723,1
35057695,-77431386,1
35467567,-79165314,1
35057332,-77694287,1
35521229,-81418729,1
35616257,-82148319,1
35031070,-83327411,1
35879456,-82516228,1
35821205,-77102193,1
35260020,-80804151,0
35914640,-82076470,1
35393595,-79907346,1
35230348,-79337956,1
36124661,-77825049,1
34214489,-77859467,1
36393691,-77313667,0
34776677,-77173963,1
36052510,-79107692,0
35191279,-76660435,1
36293633,-76271958,0
34675090,-78044929,1
36219345,-76466689,1
36311201,-78922920,1
35474610,-77327423,0
35279322,-82179654,1
35801501,-79961118,1
34994152,-79767341,1
34765637,-79031674,1
36392135,-79773094,1
35691689,-80432679,1
35463527,-82183853,1
34623287,-78234209,1
34903601,-79404128,0
35258365,-80415177,1
36345180,-80159989,1
36336635,-80852275,1
35494881,-83349060,1
35097862,-82988872,1
35936934,-76203339,1
34964812,-80427656,1
36518058,-78400865,0
35797692,-78625265,0
36373670,-78110931,0
35835272,-76554122,0
36324526,-81739308,0
35217099,-77897418,1
36211148,-81129235,1
35771467,-77973007,0
36210523,-80801365,1
35839240,-82196202,1
46113891,-102496805,1
47110075,-98397443,1
48256479,-99602542,1
46979437,-103349989,1
48866550,-100836782,1
46112755,-103520928,1
48655093,-102679499,1
46876069,-100277434,1
46934596,-97229718,1
48771780,-98464102,1
46109493,-98225652,1
48816502,-103467251,1
47402085,-102622139,1
47761272,-98909970,1
46080388,-100223542,1
47507777,-98627951,1
46847632,-103874736,1
47785848,-97347030,1
46244657,-101218713,1
47399030,-98403593,1
46418659,-102562280,1
47132159,-99970526,1
46398713,-98099446,1
46464858,-99656820,1
47986050,-100798821,1
46064366,-99786023,1
47802905,-103266700,1
47746583,-100931173,1
47263087,-101929416,1
46849592,-101972303,1
48299352,-102770085,1
47846213,-98451175,1
47145874,-101159363,1
48880795,-97797358,1
48465282,-99645681,1
48317012,-98800481,1
46521481,-97416257,1
48759404,-101862477,1
46384021,-97114080,1
48880498,-99734073,0
46221613,-97623070,1
47717951,-100212340,1
46365588,-100783143,0
46454966,-103485325,1
46856469,-102784581,1
47455650,-97718955,1
46768695,-98565136,1
48844548,-99263090,1
47582141,-97244353,1
48323898,-97814390,1
48290933,-101111794,1
47421182,-99404828,1
48532242,-103772098,1
38916300,-83580733,1
40732147,-84159688,1
41028371,-82242915,1
41549414,-80967673,1
39484517,-82080528,0
40589899,-83953648,1
40011338,-80970135,1
38946921,-83862877,1
39440956,-84575746,1
40495710,-81216271,1
40056400,-84025444,1
39883209,-83869830,1
39068815,-84280171,1
39444985,-83824424,1
40843563,-80979435,1
40274460,-81824640,1
40914732,-82806099,1
41685744,-81672797,0
40211787,-84758818,1
41318045,-84569545,1
40167712,-82869636,1
41491810,-82647824,1
39763100,-82447024,1
39536986,-83455012,1
39969036,-83011389,0
41591510,-84178148,1
38961601,-82345709,1
41673116,-81052453,1
39798503,-84052053,1
39942700,-81458577,1
39166759,-84538220,0
40834004,-83651785,1
40689897,-83811072,1
40277046,-81262892,1
41435059,-84254414,1
39073820,-83385303,1
39433804,-82366742,1
40616536,-81681707,1
41120678,-82697369,1
39116467,-82553489,1
40338699,-80810216,1
40370660,-82481346,1
41910676,-81249027,1
38590602,-82456062,1
39953262,-82211784,1
40321114,-83640462,1
41160846,-82211778,0
41653788,-83658937,0
39948860,-83309892,1
40920492,-81021736,0
40475651,-83048607,1
41132725,-81929185,1
39168349,-81842313,1
40408584,-84635417,1
39987910,-84350107,1
39663015,-81182232,1
39750471,-84268593,1
39548994,-81826194,1
40528862,-82822920,1
40143323,-81995016,1
39673870,-81485687,1
41605048,-83338128,1
41062763,-84716982,1
39736529,-82278894,1
39604282,-83126646,1
39072309,-83024014,1
41102836,-81049216,1
39881330,-84621617,1
40882077,-84148028,1
40772874,-82532057,1
39328523,-83242873,1
41420210,-83316860,1
38793335,-82960460,1
41124530,-83144773,1
40364003,-84232610,1
40811809,-81368284,1
40969521,-81458185,0
41368863,-80950285,1
40618290,-81414245,1
40427182,-83352079,1
40794002,-84785735,1
39283031,-82397708,1
39294913,-84092498,1
39544391,-81245804,1
40830699,-81895377,1
41591453,-84447033,1
41204236,-83683700,1
40942450,-83192192,1
35991414,-94570433,1
36666492,-98181223,1
34456722,-96012309,1
36866365,-100877878,1
35269460,-99680146,1
35980824,-98378820,1
33921979,-96191767,1
35203206,-98357423,1
35732016,-97977460,1
34288884,-97248074,1
35764427,-94881607,1
34011680,-95573733,1
36807900,-102250924,1
35343003,-97625383,1
34603933,-96420055,1
34749594,-98167941,1
34321541,-98319264,1
36885732,-95215685,1
36049890,-96074326,1
35709894,-98810990,1
36205961,-94797319,1
36149508,-99301912,1
36318631,-99758319,1
36563723,-97662492,1
34723793,-96962983,1
35081997,-98087971,1
36690445,-97557809,1
34920817,-99567494,1
34768632,-99833341,1
36797229,-99649490,1
35151590,-94966276,1
35237428,-96248595,1
34547940,-99421959,1
34168309,-98000691,1
34310191,-96670349,1
36678755,-97166131,1
35945046,-97942225,1
34989694,-99245430,1
34855219,-95287712,1
35634929,-97098322,1
35944569,-97408181,1
33894135,-97247886,1
34873374,-97048399,1
34061674,-94808868,1
35347368,-95664118,1
36334047,-98532338,1
34010202,-96754984,1
36414108,-95077276,1
34520837,-96996244,1
35511412,-95131499,1
36455368,-97187383,1
36798384,-95608896,1
35344476,-96077141,1
35443973,-97354813,1
35513169,-95958271,1
36781943,-96660700,1
36798561,-94789475,1
36503442,-96735613,1
36164752,-96803185,1
34947259,-95720708,1
34651102,-96527350,1
34962658,-97031451,1
34418801,-95358406,1
35717616,-99682177,1
36496258,-95702010,1
35146252,-96627985,1
35497703,-94968442,1
34485320,-97852223,1
36971874,-101073973,1
34488104,-99158545,1
36139826,-96029725,1
35963567,-95513856,1
36450115,-95881381,1
35283787,-99170439,1
36671897,-98974629,1
36275810,-99337840,1
44432748,-117389163,1
44346783,-123325952,0
45173284,-122259861,0
46125267,-123905174,0
45888246,-123209056,1
42879975,-124070945,1
44168050,-120660334,1
42609252,-124388576,1
44349792,-121245224,1
43308689,-123165395,1
45438822,-120206698,1
44119638,-119122317,1
43019785,-119069624,1
45643738,-121536658,0
42697957,-122769269,1
44771108,-121334786,1
42357375,-123321239,1
43372529,-121658336,1
42805272,-120355294,1
43915870,-124031752,0
44333892,-124024246,0
44273684,-123108438,1
43966853,-117709928,1
44795200,-122942210,1
45707049,-119631097,1
45580557,-122374776,0
44991024,-123209356,1
45403298,-120710276,1
45097011,-123943418,1
45788782,-118300068,1
45162055,-117848982,1
45655005,-117511052,1
45297105,-121233727,1
45548616,-123114725,0
44780103,-119914072,1
45145011,-123523136,1
39894800,-77213493,1
40434436,-80024817,0
40847829,-79451575,1
40833615,-80384434,1
39755155,-78406388,1
40407173,-75984901,1
40402532,-78255764,1
41771970,-76521266,1
40208408,-74829140,0
40709713,-80104597,1
40484487,-78702224,1
41417566,-78204927,1
41048947,-75608580,1
40897081,-77402419,0
40156293,-75786492,0
41202325,-79453751,1
40989115,-78422403,1
41187424,-77372827,1
40987130,-76287669,1
41763965,-80098233,1
40104094,-77472794,1
40298988,-76847194,0
39905987,-75535383,0
41619213,-78839413,1
42182748,-80064915,1
40084517,-79590529,1
41475887,-79239101,1
39771372,-77627020,1
39943762,-78122265,1
39909365,-80430040,1
40222408,-77941975,1
40867654,-79141344,1
41047897,-78819682,1
40565325,-77235359,1
41394526,-75824239,0
40242327,-76057696,1
41119992,-80333192,1
40308696,-76296308,1
40579830,-75579884,0
41272248,-75880146,1
41378570,-77331293,1
41801078,-78579739,1
41456666,-80043012,1
40644505,-77567708,1
41085529,-75499384,0
40309952,-75584885,0
41027277,-76653633,1
40921386,-75097007,1
40782155,-76672737,1
40342999,-77182569,1
40001811,-75117870,0
41396988,-75186881,1
41737627,-77902366,1
40722587,-76229623,1
40762675,-77077520,1
40180418,-78829021,1
41432901,-76516887,1
41957087,-75664856,1
41771970,-77242228,1
40905947,-76859662,1
41398105,-79738809,1
41920018,-79448206,1
40038498,-79920937,1
41540648,-75222927,1
40401071,-79029098,1
41566386,-75975715,1
39972985,-76687826,1
41727451,-71257492,0
41610180,-71175183,0
41871766,-71558518,0
34221282,-82631810,1
33537730,-81599891,1
33098848,-81206789,0
34553642,-82612123,1
33178426,-81182699,0
33302264,-81376276,1
32587814,-80718285,1
32966780,-79852835,1
33696732,-80867833,1
32659087,-80167357,0
35109530,-81494193,1
34692493,-81003877,1
34721259,-80189610,1
33884239,-80022566,0
32946307,-80948043,1
34442018,-79880497,1
34488255,-79476859,0
32999726,-80329328,1
33698302,-81864218,1
34387337,-81082923,0
33937275,-79769899,1
33464107,-79183904,1
35071632,-82374186,1
33996062,-82150998,1
32692321,-80887321,0
33935814,-78919205,1
32393253,-81011496,0
34441802,-80603298,1
34973866,-80851836,1
34595311,-82114703,1
34049335,-80043417,0
33925183,-81248345,1
33835620,-82319983,1
34258011,-79478292,0
34732322,-79829665,0
34355120,-81659070,1
34703943,-83035205,1
33272291,-80792496,0
34977961,-82784806,1
34005992,-80970766,0
34000971,-81741069,1
34888237,-81969020,1
33895272,-80498019,0
33598355,-79709369,0
34991814,-81208605,1
43714955,-98644922,1
44414319,-98279548,1
43193203,-101669330,1
42988284,-97878579,1
44405596,-96599788,1
45670534,-98580207,1
43776542,-99186931,1
44064873,-99251509,0
44719176,-103425620,1
45844431,-100283026,1
43034725,-98315504,1
44848565,-97737227,1
42996509,-97058654,0
45093607,-97453149,1
45708402,-101154581,1
43666816,-103371071,1
43674994,-98164483,1
45369855,-97603949,1
44567419,-96594440,1
45098685,-100879214,0
43427358,-98608778,1
45419289,-99346593,1
43239655,-103527757,1
44991420,-99340678,1
45230876,-96823706,1
43248832,-99016376,1
44046063,-101630722,1
44588234,-97142872,1
44495497,-98869647,1
43762939,-97869025,1
45578941,-103493668,1
44333927,-99767237,1
43248460,-97923502,1
44490558,-99589344,1
43691966,-101601609,1
44066415,-98675133,1
43938049,-100701672,1
44369593,-97652194,1
44021983,-97129455,1
44495846,-103870251,1
43286596,-96776784,1
43858620,-99824337,1
43723565,-97581441,1
45882332,-99169825,1
45692919,-97768102,1
44589806,-102787188,1
43623523,-100721218,1
44037102,-97560340,1
43674582,-96791340,1
43907616,-96653301,1
44016848,-102598660,1
45680798,-102292753,1
45223750,-99694578,1
45398570,-96832256,1
44042710,-98231397,1
45045466,-98182922,1
44475844,-100529517,1
44722873,-99979546,1
43194063,-100713373,0
43382122,-99882310,1
43188383,-97180373,1
42587483,-96585026,1
45504288,-100311701,1
42867556,-97390268,1
44992051,-101568656,1
36105971,-84195796,1
35468961,-86305194,1
35905992,-88078052,1
35609437,-85210253,1
35754464,-83804833,1
35172720,-84861885,1
36418966,-84201074,1
35836335,-86033176,1
35845800,-88357504,1
36384473,-82266921,1
36271077,-87047966,1
35535462,-88537854,1
36471886,-83522140,1
36552546,-85631181,1
36023406,-83054705,1
35497637,-86074820,1
35780292,-89026456,1
36007405,-85162272,1
36186605,-86785248,0
35785097,-88041426,1
35958503,-85835635,1
36124378,-87226354,1
36168626,-89198503,1
35141626,-89422466,1
36282181,-85091312,1
35146602,-86102966,1
36135364,-89111653,1
35217373,-87015664,1
36250636,-83493998,1
36173296,-82976161,1
35273159,-85761237,1
36256858,-83146114,1
35221092,-85209082,1
36509867,-83185624,1
35343473,-88942458,1
35264369,-88053366,1
36520167,-82857862,1
35456111,-89339146,0
35768119,-88348263,1
36295353,-88157201,1
35803869,-87259140,1
36315226,-87798852,1
36032353,-87827460,1
36433214,-85707955,1
36077612,-83299826,1
36375484,-81758240,1
35935134,-83750258,1
36259730,-89465379,1
35754505,-89661120,1
35170415,-87402375,1
35526554,-87489057,1
35052581,-86717885,1
35678118,-84431236,1
35542073,-84582782,1
34996870,-88645577,1
36517717,-85866182,1
35481628,-89027133,1
35020638,-85529023,1
35504165,-86792003,1
35722628,-87212698,1
35520244,-84825054,1
35531891,-84225767,1
36495848,-87538989,1
35282767,-86305403,1
36031584,-84560491,1
36354384,-89149881,1
36281225,-85304796,1
35786732,-87787992,1
36552982,-85162523,1
35089723,-84376621,1
36107377,-85729463,1
35617220,-84928921,1
35843277,-84656532,1
36481635,-86689867,1
35856167,-86453360,1
36548200,-84414551,1
35171226,-85530468,1
35849046,-83514320,1
35201738,-89971538,0
36124389,-85859146,1
36490214,-87697982,1
36504158,-82264460,1
36572762,-86305594,1
35414319,-89818781,1
36402012,-86143252,1
36201952,-82316667,1
36342768,-83820390,1
35677816,-85434355,1
35766758,-85678847,1
36244143,-82564040,1
35345882,-87775459,1
36241614,-88860371,1
35866476,-85609235,1
35809026,-86891286,1
36087694,-86151145,1
31794191,-95661964,1
32370377,-102523255,1
31174421,-94401293,1
28070458,-97101567,1
33615708,-98687302,1
34965329,-101357838,1
29059014,-98637560,1
29913413,-96496067,1
34092391,-102829924,1
29729603,-99191141,1
30003401,-97222121,1
33620131,-99263681,1
28178966,-97745640,1
31174847,-97269835,1
29437532,-98461582,0
30219829,-98358613,1
32743795,-101432354,1
32043524,-97750239,1
33476552,-94394950,1
29512687,-95254188,1
30652120,-96341012,1
29818742,-103060715,1
34471337,-101304190,1
27223209,-98145056,0
31692764,-98807010,1
30364879,-96526729,1
30537773,-98333113,1
29751348,-97748349,1
28427276,-96667313,1
32297559,-99412891,1
26115896,-97494039,0
32998041,-94952278,1
35414902,-101176661,1
32953226,-94599193,1
34743735,-102506442,1
29823383,-94475364,1
31782048,-95164021,1
34529678,-100207642,1
34032867,-98228187,1
33598837,-102619882,1
31739714,-100288365,1
31953707,-99605724,1
33361524,-96467617,1
34964812,-100270689,1
29675937,-96743007,1
29953460,-98228503,1
31972712,-98540485,1
31361745,-100092229,1
33495794,-97143184,1
31470598,-97734728,1
34021740,-100298633,1
31500553,-102347243,1
30798496,-101498604,1
33685130,-101383596,1
31039120,-104824473,0
36337083,-102916844,1
32767268,-96777626,0
32527337,-101715971,1
34966095,-102313090,1
33442173,-95851141,1
33207430,-97116282,1
33471532,-100802023,1
28422970,-99754260,0
34965525,-100814865,1
27660127,-98517875,0
32268924,-98860949,1
31733396,-102587906,1
30017074,-100212863,1
32150961,-96981584,1
31694842,-106299987,0
32215275,-98207997,1
31371525,-97076732,1
33563367,-96000216,1
29914207,-97053015,1
32708935,-100234051,1
34071514,-101303130,1
33968163,-99641288,1
29525461,-95756462,0
33175662,-95216724,1
31769360,-96391904,1
28867782,-99108227,0
32671912,-102805355,1
29437631,-94632252,1
33180889,-101298072,1
30387956,-98701902,1
31864331,-101493750,1
28529477,-97592509,1
29693474,-97299947,1
35533384,-100956013,1
33701372,-96836522,1
32538299,-94862219,1
30494286,-96018489,1
29611797,-97971208,1
33949361,-101817820,1
34394837,-100892561,1
31636838,-98348689,1
36226446,-101294059,1
34390860,-99857216,1
30518504,-94445800,1
29550411,-95128758,0
32653731,-94342725,1
35891634,-102392664,1
33077086,-99958978,1
30012441,-98031713,1
35904503,-100384093,1
32194199,-95548056,1
26409709,-98224206,0
31971321,-97346289,1
33745660,-102320586,1
32400038,-97933708,1
33168606,-95585464,1
31259370,-95367485,1
32378209,-101612630,1
31315723,-105452562,1
33325760,-96056153,1
35823913,-101445209,1
31347682,-100874701,1
33030672,-98066151,1
28845526,-96581962,1
30493361,-93951837,1
30758682,-104209994,1
30111843,-94190147,1
27070690,-98692717,0
28024961,-97870486,0
32524393,-97260900,1
32869561,-99808377,1
28821975,-97768307,1
32733179,-96195026,1
29952304,-98794374,1
27222302,-97793153,0
33185031,-100646103,1
30172545,-99484971,1
30498845,-99709428,1
33616723,-100254782,1
29299888,-100421055,1
27297687,-97787713,0
33493579,-99812671,1
33659730,-95582906,1
34047934,-102526312,1
31218283,-98394921,1
29297302,-97047148,1
30294922,-96965990,1
31124860,-96109604,1
30054158,-94676436,1
31409873,-96572810,1
36277602,-100273561,1
28421814,-98071902,1
30772002,-98446332,1
31825466,-103655280,1
33610018,-101821292,1
33177231,-101816432,1
31217152,-99347156,1
31541116,-97161480,1
28350458,-98568760,1
30913412,-96085341,1
32805853,-94365546,1
32306026,-101949963,1
30719628,-99224184,1
28754719,-95945896,1
28641577,-100389477,0
29236464,-99145273,1
30918307,-99780490,1
31869259,-102031726,1
30783324,-96723691,1
31477095,-98630919,1
32362705,-101043022,1
33499274,-97760266,1
30329016,-95463474,1
36019612,-101820002,1
32925231,-94704906,1
33901277,-100857208,1
31534162,-94639022,1
31905199,-96388082,1
30584648,-93749467,1
32308289,-100404514,1
27777000,-97463213,1
36278199,-100815862,1
35211942,-102200425,1
30054793,-93903108,1
32704835,-98346877,1
32183774,-94308713,1
32951494,-97942209,1
34524376,-102784569,1
30711984,-102676783,1
30817866,-94869052,1
35401475,-101895089,1
29943719,-104386683,0
32917861,-95898171,1
35142756,-101992003,1
31417011,-101542300,1
29849750,-99768284,1
33551468,-94772766,1
31383297,-103556598,0
28206879,-97334538,1
35718140,-100676817,1
31026276,-96533031,1
32919754,-96356310,1
31951207,-99955406,1
32301179,-94742539,1
31248170,-93973106,1
31548122,-94111751,1
30632802,-95085922,1
27973917,-97421131,1
31212412,-98723024,1
30912773,-100676722,1
32747707,-100915300,1
32624249,-99199479,1
31905616,-94426020,1
36340796,-102073587,1
32411237,-95289903,1
32284006,-97704041,1
26749896,-98583016,0
32715706,-98749054,1
31882997,-101030277,1
33178927,-100254017,1
30579386,-100671422,1
34558293,-101803862,1
32934629,-97248710,1
32466474,-99711665,1
30252946,-102162882,1
33047275,-102428171,1
33074064,-99054584,1
33190450,-94967456,1
31635184,-100658982,1
31105786,-95138794,1
30634714,-94380858,1
32571552,-95057746,1
31226573,-101944129,1
29357005,-99762039,1
29763171,-101230032,0
32543649,-95679211,1
28838353,-96887217,1
30847563,-95390439,1
30087937,-95948512,1
31569243,-103006747,1
30298367,-96211265,1
27732094,-99505138,0
29323344,-96091123,1
35394891,-100224203,1
34023386,-98687748,1
34341985,-99365767,1
26554299,-97426247,0
30456713,-97770237,1
29288795,-98050916,1
31755315,-103155748,1
33301868,-97814354,1
32782264,-95443370,1
33173518,-102829456,1
33005164,-98689196,1
26945418,-99203985,0
28943649,-99843874,0
38214874,-112923106,1
41387828,-112047650,1
41838005,-111917217,1
39614663,-110641314,1
40990039,-109704889,1
40963547,-112115984,1
40320728,-110435974,1
39230155,-111051827,1
37626146,-112083565,1
38999877,-109615008,1
37815946,-112900041,1
39757861,-111841787,1
37516889,-112663612,1
39064330,-113032141,1
41068883,-111702746,1
38434909,-112206757,1
41467578,-111183650,1
40725946,-111939420,0
37280022,-109568090,1
39488381,-111634051,1
38578516,-112310757,1
40702896,-111548098,0
40732900,-113991849,1
40374808,-109911237,1
40125168,-111580197,1
40410548,-111394222,1
37309231,-113476182,1
38296853,-111413774,1
41255285,-111956721,1
38815762,-77090050,0
37730001,-79355121,1
38040101,-78485066,0
36708500,-76278531,1
37262190,-77396989,1
37780216,-79986963,1
36592679,-79410983,0
38884936,-77174052,0
36682635,-76942233,0
38298305,-77489913,0
36660281,-80913605,1
37072658,-76389920,0
38440898,-78874173,0
37286676,-77296596,0
37400944,-79178506,1
36679571,-79865168,0
38852849,-77301990,0
36931166,-76239720,0
36937670,-82622624,1
37204765,-77392784,0
36868553,-76355165,0
37540646,-77431555,0
37274175,-79957860,0
38159275,-79062858,0
37195924,-76524805,0
36913144,-76147157,1
38065794,-78903445,1
37310451,-76746769,0
39167603,-78168643,0
36746101,-76665251,0
43893982,-73203001,0
43026984,-73055156,0
44932643,-71776359,0
44902128,-72948391,0
44738156,-73306352,0
44103841,-72526916,0
44343536,-72575645,0
44430096,-73026735,0
42944039,-72727518,0
43756978,-72730177,0
36694745,-77535517,0
37779976,-79443495,0
38749207,-77487762,0
38770864,-77449443,0
37132326,-76365419,1
46815306,-118338081,1
46369711,-117225934,1
46315267,-119371393,1
47905787,-120520211,1
48067730,-123080362,1
45801586,-122520347,0
46512828,-118102370,1
45937521,-122686548,1
47701979,-119861230,1
48667659,-118680631,1
46577941,-119162115,1
46475341,-117537763,1
46897589,-119686316,1
46894327,-123965158,1
47828495,-122838769,0
47722245,-121369352,0
47626717,-122649953,0
46871354,-119985869,1
45851428,-120354257,1
46490874,-122879917,1
47761025,-118729143,1
47336838,-123074952,1
48143441,-119009380,1
46330755,-124045530,1
48250130,-117353111,1
46938230,-122468087,0
48557824,-122983742,0
48486147,-122137243,0
45758260,-121576567,1
47857915,-122092025,0
47653568,-117431742,1
48124594,-117762554,1
46978118,-122702393,0
46300349,-123456145,1
46084584,-118906079,1
48953377,-122198860,0
46838747,-117644337,0
46419838,-120231713,1
39161343,-80049182,1
39442661,-78026280,1
38146531,-81860730,1
38706017,-80736884,1
40192679,-80665879,1
38413384,-82277401,1
38828582,-81132151,1
38465777,-81050662,1
39296522,-80774491,1
38041293,-81064784,1
38913649,-80831256,1
39070601,-79233536,1
37968468,-80669597,1
39314071,-78659428,1
40507729,-80565292,1
39077365,-78593865,1
39285204,-80385344,1
38951920,-81709496,1
39224095,-77878788,1
38296818,-81554655,1
39042331,-80447878,1
38231798,-81942329,1
37781792,-81891965,1
37375246,-81653889,1
39451967,-80262550,1
39877162,-80694606,1
38871527,-82098592,1
37416395,-81105803,1
39617003,-78763194,1
37743063,-82108010,1
39578512,-80093007,1
37552029,-80539672,1
39530566,-78457290,1
38318389,-80834152,1
40169839,-80595763,1
38684692,-79353564,1
39408888,-81207860,1
38387966,-79990585,1
39430634,-79519679,1
38475369,-81880455,1
37684255,-81048923,1
38753380,-79814713,1
39198501,-81068913,1
38608737,-81419262,1
37648541,-80877395,1
39345364,-80049770,1
39138003,-79481555,1
39450612,-80870081,1
38864632,-80212410,1
38132114,-82418277,1
38482539,-80431111,1
39575518,-80666712,1
39040511,-81371951,1
39367796,-81455899,1
37603344,-81539980,1
44079992,-89803877,1
46560783,-90619716,0
45400115,-92074695,1
46697289,-90904151,0
44425040,-88111252,1
44473584,-91910518,1
45869606,-92302860,1
44167388,-88229438,1
45074130,-91294397,1
44894112,-90790684,1
43498907,-89304970,1
43274205,-90924336,1
43069560,-89423861,0
43459309,-88754483,1
45373786,-86897472,1
46525129,-91921631,0
45094148,-91879257,1
44762892,-91306304,0
45913837,-88623498,1
43839613,-88543924,1
45443574,-88619413,1
43035813,-90853002,1
42816273,-89651287,0
43832741,-89122651,1
42976078,-90141299,0
46370313,-90434344,1
44436841,-90796318,1
43129040,-88947513,1
44022637,-90130552,1
42580980,-87662878,1
44541977,-87670551,1
43897572,-91120198,0
42554499,-90350817,1
45248003,-88803154,1
45337678,-89735524,1
44189293,-87781594,1
44840956,-90257456,1
45383307,-87876231,1
43922097,-89310982,1
44868930,-88618552,0
43017412,-87569664,0
43848835,-90468791,1
45309457,-88605896,1
45859618,-89653705,1
44416326,-88464873,1
43247112,-87980914,1
44508365,-92232594,1
44781928,-92283761,1
45515830,-92461712,1
44341602,-89526303,0
45532944,-90281660,1
42727153,-87675979,1
43501783,-90706816,1
42614273,-89233129,0
45409130,-91423051,1
43459884,-89931931,1
45832746,-91014362,1
44796040,-88898362,1
43662704,-87930254,1
45330939,-90401519,1
44443778,-91285758,1
43653701,-90841723,1
46061297,-89485834,1
42607688,-88623745,1
45966368,-91886372,1
43422223,-88195862,1
42951630,-88296321,1
44461926,-88915027,1
44168882,-89223228,1
44124886,-88745129,1
44388082,-89922751,1
41271207,-105486538,1
44601118,-107788860,1
43761422,-105520135,1
41716940,-106999195,1
42780251,-105871922,1
44352274,-104420625,1
43191539,-108009659,1
42088115,-104354049,1
43775844,-108383949,1
44497609,-106870963,1
41277286,-104205462,1
43030327,-110884515,1
42966192,-106807047,1
42703263,-104140785,1
44463071,-109415501,1
42321218,-104722426,1
44753413,-106694907,1
42785695,-110186599,1
41764300,-108968062,1
43443851,-110694002,0
41099266,-110500655,1
43908687,-107530662,1
43937319,-104620856,1
